name,gender,email,phone,title,country,username,age,date_registered
Alma Steffen,Female,alma.steffen@example.com,0784-4632002,Mrs,Germany,happycat754,79,2020-01-12 09:42:21.405000+00:00
Saana Walli,Female,saana.walli@example.com,07-052-916,Mrs,Finland,beautifulzebra925,49,2014-06-06 15:50:16.481000+00:00
Mira Abdalla,Female,mira.abdalla@example.com,27639819,Miss,Norway,smallrabbit942,31,2002-04-22 00:36:22.719000+00:00
Kalpit Shah,Male,kalpit.shah@example.com,9246097036,Mr,India,blackswan516,44,2012-12-22 00:31:47.342000+00:00
Gustavo Lemus,Male,gustavo.lemus@example.com,(671) 951 2390,Mr,Mexico,silvergoose813,44,2013-07-19 09:02:21.668000+00:00
Oliver Niva,Male,oliver.niva@example.com,05-245-693,Mr,Finland,blackleopard191,76,2016-08-31 23:24:21.615000+00:00
Joar Bue,Male,joar.bue@example.com,81743644,Mr,Norway,sadpanda288,52,2022-05-21 00:54:17.518000+00:00
Mya Lemoine,Female,mya.lemoine@example.com,03-84-07-57-04,Mrs,France,yellowswan606,65,2016-11-20 17:46:19.337000+00:00
Madeleine Chen,Female,madeleine.chen@example.com,(603)-532-9262,Ms,New Zealand,redbird937,61,2007-02-05 15:49:55.859000+00:00
Ana Ballesteros,Female,ana.ballesteros@example.com,(663) 540 3673,Ms,Mexico,bluegorilla350,28,2010-03-06 13:54:50.606000+00:00
Bogdan Vasić,Male,bogdan.vasic@example.com,014-1003-030,Mr,Serbia,whitepeacock747,66,2019-07-24 20:27:12.309000+00:00
Julia Adam,Female,julia.adam@example.com,076 021 33 96,Mademoiselle,Switzerland,bigsnake158,44,2010-04-20 07:17:01.407000+00:00
Johan Hansen,Male,johan.hansen@example.com,16571061,Mr,Denmark,organickoala183,41,2007-03-26 09:51:15.968000+00:00
Anna Nguyen,Female,anna.nguyen@example.com,078 439 70 50,Mademoiselle,Switzerland,brownpeacock647,33,2013-05-18 14:28:32.002000+00:00
Nikolina Lučić,Female,nikolina.lucic@example.com,026-1247-656,Ms,Serbia,angrywolf616,56,2012-12-24 21:01:59.261000+00:00
Erin May,Female,erin.may@example.com,(787) 690-0648,Mrs,United States,smallkoala434,62,2019-10-24 15:21:47.684000+00:00
Jonas Jensen,Male,jonas.jensen@example.com,21830186,Mr,Denmark,goldenleopard751,51,2003-09-01 20:17:33.989000+00:00
Fatma Çevik,Female,fatma.cevik@example.com,(076)-777-8651,Mrs,Turkey,orangegorilla151,51,2013-11-08 16:34:36.361000+00:00
Galina Subašić,Female,galina.subasic@example.com,034-4801-939,Ms,Serbia,heavytiger672,66,2003-03-14 20:56:48.501000+00:00
Magnus Johansen,Male,magnus.johansen@example.com,62210348,Mr,Denmark,silvergorilla498,69,2011-02-21 06:22:12.576000+00:00
Ostoja Smiljanić,Male,ostoja.smiljanic@example.com,030-7300-197,Mr,Serbia,silverbird846,39,2008-04-12 03:44:28.650000+00:00
Bratislava Divac,Female,bratislava.divac@example.com,018-4391-154,Mrs,Serbia,ticklishpeacock880,27,2015-02-27 23:40:30.812000+00:00
Daphny Scholtes,Female,daphny.scholtes@example.com,(076) 0914651,Miss,Netherlands,greenleopard677,25,2012-02-15 00:28:31.696000+00:00
Justine Wilson,Female,justine.wilson@example.com,M39 A99-2801,Mrs,Canada,happyzebra630,67,2017-12-31 02:21:19.802000+00:00
Matthew Taylor,Male,matthew.taylor@example.com,(114)-424-5660,Mr,New Zealand,redladybug196,39,2014-12-29 20:48:57.596000+00:00
Villemo Ulven,Female,villemo.ulven@example.com,89818544,Mrs,Norway,goldenswan821,40,2004-03-09 17:41:17.255000+00:00
Kübra Kıraç,Female,kubra.kirac@example.com,(448)-839-1237,Ms,Turkey,browncat883,51,2003-04-07 00:49:03.717000+00:00
Medorada Mahinya,Female,medorada.mahinya@example.com,(097) K88-2895,Ms,Ukraine,goldentiger677,32,2022-04-03 06:20:36.253000+00:00
Anton Christensen,Male,anton.christensen@example.com,22295130,Mr,Denmark,sadwolf908,79,2006-11-16 07:14:02.006000+00:00
Diego Noel,Male,diego.noel@example.com,03-87-63-51-02,Mr,France,whiteswan329,42,2016-12-01 14:20:43.775000+00:00
Stanko Katanić,Male,stanko.katanic@example.com,033-3394-876,Mr,Serbia,bigkoala280,25,2021-08-07 14:18:17.524000+00:00
María del Carmen Carrasco,Female,mariadelcarmen.carrasco@example.com,(681) 932 0172,Miss,Mexico,orangepanda613,78,2019-10-29 07:45:48.394000+00:00
Adrian Lucas,Male,adrian.lucas@example.com,015396 39185,Mr,United Kingdom,blueladybug781,67,2002-06-17 19:04:47.688000+00:00
Carolina Bravo,Female,carolina.bravo@example.com,964-292-967,Ms,Spain,blackbird257,54,2013-04-30 07:41:22.256000+00:00
Sebastian Møller,Male,sebastian.moller@example.com,40575050,Mr,Denmark,silversnake899,63,2012-04-28 07:23:27.189000+00:00
Helmi Tanner,Female,helmi.tanner@example.com,05-948-512,Mrs,Finland,orangeduck928,30,2017-02-03 23:21:36.598000+00:00
Erika Robertson,Female,erika.robertson@example.com,(966) 967-2352,Miss,United States,ticklishladybug427,74,2011-01-26 16:44:35.133000+00:00
Andrea Larsen,Female,andrea.larsen@example.com,95451686,Mrs,Denmark,angrymouse886,78,2017-07-29 03:36:20.291000+00:00
Maeva Garcia,Female,maeva.garcia@example.com,078 809 77 18,Madame,Switzerland,silverlion139,80,2009-11-19 00:18:43.786000+00:00
Gabriel Roy,Male,gabriel.roy@example.com,F49 Q64-6288,Mr,Canada,purpledog957,43,2018-06-14 20:08:30.215000+00:00
Aleksi Wuollet,Male,aleksi.wuollet@example.com,06-929-357,Mr,Finland,orangeleopard136,45,2003-06-22 19:32:45.332000+00:00
Hetal Fernandes,Female,hetal.fernandes@example.com,8643190284,Miss,India,smallostrich217,56,2011-12-11 19:27:39.010000+00:00
Norman Carter,Male,norman.carter@example.com,(457) 404-4754,Mr,United States,greenfrog864,65,2008-01-15 01:58:38.529000+00:00
Natalka Antonec,Female,natalka.antonec@example.com,(097) O77-7222,Miss,Ukraine,smalltiger495,44,2009-02-10 11:47:44.207000+00:00
Utkarsh Kini,Male,utkarsh.kini@example.com,8370828260,Mr,India,bluerabbit109,68,2007-06-24 23:57:57.062000+00:00
Amador Vásquez,Male,amador.vasquez@example.com,(644) 634 2679,Mr,Mexico,beautifulleopard230,36,2015-04-07 13:23:18.800000+00:00
آوین احمدی,Female,awyn.hmdy@example.com,056-92712816,Mrs,Iran,happybear327,78,2008-07-05 03:44:16.945000+00:00
Matthew Roberts,Male,matthew.roberts@example.com,(276)-205-2447,Mr,New Zealand,organicrabbit327,79,2006-04-17 16:40:52.999000+00:00
Becky Stone,Female,becky.stone@example.com,021-048-9406,Mrs,Ireland,tinyfrog740,77,2012-01-25 00:28:13.239000+00:00
Cherly Bennett,Female,cherly.bennett@example.com,05-8744-6175,Mrs,Australia,heavyfish957,69,2013-10-21 15:48:45.093000+00:00
Tony Leroux,Male,tony.leroux@example.com,079 464 85 90,Monsieur,Switzerland,tinybutterfly589,52,2007-01-09 21:02:56.434000+00:00
Daribog Domanickiy,Male,daribog.domanickiy@example.com,(098) W46-0059,Mr,Ukraine,yellowwolf279,43,2005-11-21 07:12:43.041000+00:00
Fatmir Morin,Male,fatmir.morin@example.com,078 639 18 25,Monsieur,Switzerland,smallrabbit774,70,2011-12-29 10:39:31.611000+00:00
Natalia Ramírez,Female,natalia.ramirez@example.com,925-028-596,Ms,Spain,bluebird209,36,2013-11-29 02:21:38.413000+00:00
Alisha Lambert,Female,alisha.lambert@example.com,077 555 55 82,Madame,Switzerland,purpletiger211,79,2009-11-05 13:55:56.186000+00:00
Koray Durak,Male,koray.durak@example.com,(817)-765-9160,Mr,Turkey,blackmouse158,58,2010-04-28 14:00:40.083000+00:00
Albert Hansen,Male,albert.hansen@example.com,54884944,Mr,Denmark,crazymouse558,45,2015-02-28 03:53:29.423000+00:00
Anieke Tobben,Female,anieke.tobben@example.com,(028) 5550295,Miss,Netherlands,orangedog155,76,2004-08-10 12:44:05.332000+00:00
Alissa Barbier,Female,alissa.barbier@example.com,076 803 61 65,Mademoiselle,Switzerland,brownbear354,41,2015-11-20 20:32:00.306000+00:00
Svyatolyuba Dobrilovskiy,Female,svyatolyuba.dobrilovskiy@example.com,(096) F69-3167,Mrs,Ukraine,beautifulcat287,44,2002-09-16 14:07:37.614000+00:00
Herbert Butler,Male,herbert.butler@example.com,016973 69441,Mr,United Kingdom,lazysnake410,74,2020-10-07 00:56:17.247000+00:00
Chakradev Kini,Male,chakradev.kini@example.com,8316014046,Mr,India,organicbird919,60,2013-07-03 03:52:08.196000+00:00
Letitia Chambers,Female,letitia.chambers@example.com,(672) 866-5298,Miss,United States,smallostrich122,65,2013-01-17 20:09:34.733000+00:00
Blake Roy,Male,blake.roy@example.com,F50 Q40-6422,Mr,Canada,purpledog527,32,2002-12-25 07:43:39.408000+00:00
غزل رضایی,Female,gzl.rdyy@example.com,005-37228610,Miss,Iran,sadkoala490,73,2022-04-03 20:50:25.077000+00:00
Pascual Saldivar,Male,pascual.saldivar@example.com,(646) 102 8559,Mr,Mexico,greenlion967,28,2009-02-25 15:38:17.064000+00:00
Silje Andersen,Female,silje.andersen@example.com,90257812,Ms,Denmark,greenbird503,77,2015-01-11 03:02:46.176000+00:00
Stéphane Lopez,Male,stephane.lopez@example.com,078 930 18 46,Monsieur,Switzerland,organickoala369,32,2021-11-08 22:41:26.093000+00:00
Chatura Sheikh,Male,chatura.sheikh@example.com,8311521708,Mr,India,heavyduck878,26,2018-04-19 11:31:29.549000+00:00
Phyllis Flores,Female,phyllis.flores@example.com,01-5313-0099,Mrs,Australia,smallswan564,41,2010-02-02 05:01:25.611000+00:00
Hudan Klyuchko,Male,hudan.klyuchko@example.com,(099) C88-7537,Mr,Ukraine,bigleopard664,76,2010-08-31 17:01:07.516000+00:00
David Coleman,Male,david.coleman@example.com,04-1497-6267,Mr,Australia,goldenbear373,70,2007-08-23 14:24:15.063000+00:00
Peppi Walli,Female,peppi.walli@example.com,09-500-130,Mrs,Finland,sadtiger616,72,2004-03-13 19:20:10.392000+00:00
Lou Fleury,Female,lou.fleury@example.com,03-10-76-83-53,Miss,France,yellowbutterfly538,44,2014-10-11 05:16:28.313000+00:00
Adrian Martin,Male,adrian.martin@example.com,04-5630-3473,Mr,Australia,goldenfrog373,61,2008-12-29 20:29:11.337000+00:00
Sheryl Kelly,Female,sheryl.kelly@example.com,016973 73521,Ms,United Kingdom,purplekoala324,80,2011-05-24 22:23:16.615000+00:00
Angela Garcia,Female,angela.garcia@example.com,34332540,Ms,Norway,silverelephant345,43,2012-07-29 05:43:29.322000+00:00
Kaitlin Williamson,Female,kaitlin.williamson@example.com,01617 000739,Ms,United Kingdom,silvergoose364,64,2014-08-18 14:19:39.804000+00:00
Jeanne Tucker,Female,jeanne.tucker@example.com,(709) 219-8394,Miss,United States,beautifullion863,66,2013-07-23 16:03:29.721000+00:00
Lilja Jarvela,Female,lilja.jarvela@example.com,04-037-107,Ms,Finland,goldenwolf354,36,2002-09-05 12:48:56.157000+00:00
Harry Lane,Male,harry.lane@example.com,00-3131-7823,Mr,Australia,redmeercat545,43,2008-10-03 01:17:40.086000+00:00
Ryder Bélanger,Male,ryder.belanger@example.com,R97 J03-8387,Mr,Canada,silverswan174,31,2009-04-18 12:49:39.412000+00:00
Jade Dubois,Female,jade.dubois@example.com,05-03-40-30-40,Ms,France,bluemeercat365,64,2018-07-16 03:05:19.550000+00:00
Justine Ouellet,Female,justine.ouellet@example.com,G16 S30-0738,Ms,Canada,whiteleopard438,36,2004-03-27 12:56:10.050000+00:00
Marcele Fernandes,Female,marcele.fernandes@example.com,(79) 0773-8909,Miss,Brazil,crazydog894,80,2009-10-07 22:39:22.298000+00:00
Jan-Willem Horsman,Male,jan-willem.horsman@example.com,(0416) 782812,Mr,Netherlands,whitesnake715,34,2014-11-14 13:33:58.502000+00:00
Amol Gamskar,Male,amol.gamskar@example.com,7754353092,Mr,India,bigzebra339,46,2008-11-07 16:59:36.598000+00:00
Ian Gordon,Male,ian.gordon@example.com,015395 98832,Mr,United Kingdom,smallduck790,60,2004-12-01 19:58:45.005000+00:00
Zachary Carlson,Male,zachary.carlson@example.com,011-038-2927,Mr,Ireland,angrydog815,47,2007-12-27 16:24:42.020000+00:00
ثنا علیزاده,Female,thn.aalyzdh@example.com,063-85914622,Ms,Iran,crazycat876,30,2006-03-31 11:52:48.332000+00:00
Nieves Núñez,Female,nieves.nunez@example.com,975-723-163,Ms,Spain,tinypanda662,64,2004-01-21 08:15:14.095000+00:00
David Fletcher,Male,david.fletcher@example.com,017683 34629,Mr,United Kingdom,yellowkoala171,28,2002-07-19 18:46:49.309000+00:00
Maëlle Martinez,Female,maelle.martinez@example.com,02-77-14-98-70,Miss,France,orangewolf876,27,2020-08-24 16:54:42.683000+00:00
Udo Brussaard,Male,udo.brussaard@example.com,(073) 3812543,Mr,Netherlands,heavyladybug481,45,2020-08-02 01:50:20.199000+00:00
Krisha Sheikh,Female,krisha.sheikh@example.com,9363334776,Miss,India,goldenbutterfly490,72,2010-08-15 02:12:12.399000+00:00
Mihaela Janković,Female,mihaela.jankovic@example.com,025-5212-106,Miss,Serbia,blackleopard729,40,2019-05-29 21:08:18.062000+00:00
Cameron Wright,Male,cameron.wright@example.com,(203)-114-7252,Mr,New Zealand,sadduck720,33,2021-07-02 15:25:07.244000+00:00
Aylin Tveita,Female,aylin.tveita@example.com,69091589,Miss,Norway,ticklishbear196,59,2016-07-13 21:35:38.497000+00:00
Fatma Tüzün,Female,fatma.tuzun@example.com,(230)-048-8590,Mrs,Turkey,whitedog196,25,2018-04-07 05:34:10.128000+00:00
Apoorva Singh,Female,apoorva.singh@example.com,9532849721,Miss,India,lazyfrog190,62,2003-12-29 00:46:44.344000+00:00
